S No,Station Name,Station Code,Old Station Category,New Station Category,Division,Zone,District,State
1,BHORAS BUDRUKH,BFJ,F,HG2,BSL,CR,JALGAON,MAHARASHTRA
2,JAMNER,JMNR,E,HG2,BSL,CR,JALGAON,MAHARASHTRA
3,ANJANGAON,ANJ,E,HG3,BSL,CR,AMRAVATI,MAHARASHTRA
4,BANOSA,BASA,F,HG3,BSL,CR,AMRAVATI,MAHARASHTRA
5,BHADSIVNI,BDKE,F,HG3,BSL,CR,WASHIM,MAHARASHTRA
6,BHAGDARA,BGR,F,HG3,BSL,CR,JALGAON,MAHARASHTRA
7,BORVIHIR,BRVR,F,HG3,BSL,CR,DHULE,MAHARASHTRA
8,CHAMAK,CMK,F,HG3,BSL,CR,AMRAVATI,MAHARASHTRA
9,DARWHA MOTI BAGH JN.,DWM,F,HG3,BSL,CR,YAVATMAL,MAHARASHTRA
10,KAPUSTALNI,KTNI,F,HG3,BSL,CR,AMRAVATI,MAHARASHTRA
11,KARANJA,KRJA,F,HG3,BSL,CR,WASHIM,MAHARASHTRA
12,KARANJA TOWN,KRJT,F,HG3,BSL,CR,WASHIM,MAHARASHTRA
13,KHUSTA BUZURG,KSBG,F,HG3,BSL,CR,AMRAVATI,MAHARASHTRA
14,KINKHED,KQV,F,HG3,BSL,CR,AKOLA,MAHARASHTRA
15,KOKALDA,KXD,F,HG3,BSL,CR,AMRAVATI,MAHARASHTRA
16,KOLHADI,KLHD,F,HG3,BSL,CR,JALGAON,MAHARASHTRA
17,LADKHED,LDD,F,HG3,BSL,CR,YAVATMAL,MAHARASHTRA
18,LAKHPURI,LPU,F,HG3,BSL,CR,AKOLA,MAHARASHTRA
19,LASINA,LSN,F,HG3,BSL,CR,YAVATMAL,MAHARASHTRA
20,LEHGAON,LGN,F,HG3,BSL,CR,AMRAVATI,MAHARASHTRA
21,LING,LING,F,HG3,BSL,CR,YAVATMAL,MAHARASHTRA
22,MANDURA,MNDA,F,HG3,BSL,CR,AKOLA,MAHARASHTRA
23,MOHADI PRAGANE LALIN,MHAD,F,HG3,BSL,CR,DHULE,MAHARASHTRA
24,MORDAD TANDA,MWK,F,HG3,BSL,CR,DHULE,MAHARASHTRA
25,MURTIZAPUR TOWN,MZRT,F,HG3,BSL,CR,AKOLA,MAHARASHTRA
26,NOWBAGH,NBGH,F,HG3,BSL,CR,AMRAVATI,MAHARASHTRA
27,PAHUR,PHU,F,HG3,BSL,CR,JALGAON,MAHARASHTRA
28,PIMPALGAON,PMGN,F,HG3,BSL,CR,JALGAON,MAHARASHTRA
29,POHE,POHE,F,HG3,BSL,CR,WASHIM,MAHARASHTRA
30,RAJMANE,RM,F,HG3,BSL,CR,JALGAON,MAHARASHTRA
31,SANGWI,SWQ,F,HG3,BSL,CR,YAVATMAL,MAHARASHTRA
32,SHENDURNI,SDRN,F,HG3,BSL,CR,JALGAON,MAHARASHTRA
33,SHIRALA,SIRL,F,HG3,BSL,CR,AMRAVATI,MAHARASHTRA
34,SOMTHAN,SMTN,F,HG3,BSL,CR,WASHIM,MAHARASHTRA
35,TAPONA,TPN,F,HG3,BSL,CR,YAVATMAL,MAHARASHTRA
36,VARKHEDI,VRKD,F,HG3,BSL,CR,JALGAON,MAHARASHTRA
37,VILEGAON,VLN,F,HG3,BSL,CR,WASHIM,MAHARASHTRA
38,WARUDKHED,WRD,F,HG3,BSL,CR,YAVATMAL,MAHARASHTRA
39,NASHIK ROAD,NK,A1,NSG2,BSL,CR,NASHIK,MAHARASHTRA
40,AKOLA JN.,AK,A,NSG3,BSL,CR,AKOLA,MAHARASHTRA
41,AMRAVATI,AMI,A,NSG3,BSL,CR,AMRAVATI,MAHARASHTRA
42,BADNERA JN.,BD,A,NSG3,BSL,CR,AMRAVATI,MAHARASHTRA
43,BHUSAVAL JN.,BSL,A,NSG3,BSL,CR,JALGAON,MAHARASHTRA
44,JALGAON JN,JL,A,NSG3,BSL,CR,JALGAON,MAHARASHTRA
45,MANMAD JN.,MMR,A,NSG3,BSL,CR,NASHIK,MAHARASHTRA
46,SHEGAON,SEG,A,NSG3,BSL,CR,BULDHANA,MAHARASHTRA
47,CHALISGAON JN,CSN,B,NSG4,BSL,CR,JALGAON,MAHARASHTRA
48,MALKAPUR,MKU,B,NSG4,BSL,CR,BULDHANA,MAHARASHTRA
49,BODWAD,BDWD,A,NSG5,BSL,CR,JALGAON,MAHARASHTRA
50,DEVLALI,DVL,B,NSG5,BSL,CR,NASHIK,MAHARASHTRA
51,DHULE,DHI,E,NSG5,BSL,CR,DHULE,MAHARASHTRA
52,LASALGAON,LS,D,NSG5,BSL,CR,NASHIK,MAHARASHTRA
53,MURTIZAPUR,MZR,B,NSG5,BSL,CR,AKOLA,MAHARASHTRA
54,NANDGAON,NGN,D,NSG5,BSL,CR,NASHIK,MAHARASHTRA
55,NANDURA,NN,D,NSG5,BSL,CR,BULDHANA,MAHARASHTRA
56,NIPHAD,NR,D,NSG5,BSL,CR,NASHIK,MAHARASHTRA
57,PACHORA JN.,PC,B,NSG5,BSL,CR,JALGAON,MAHARASHTRA
58,RAVER,RV,D,NSG5,BSL,CR,JALGAON,MAHARASHTRA
59,ACHALPUR,ELP,E,NSG6,BSL,CR,AMRAVATI,MAHARASHTRA
60,ACHEGAON,ACG,E,NSG6,BSL,CR,JALGAON,MAHARASHTRA
61,ANKAI,ANK,E,NSG6,BSL,CR,NASHIK,MAHARASHTRA
62,ASVALI,AV,E,NSG6,BSL,CR,NASHIK,MAHARASHTRA
63,BHADLI,BDI,E,NSG6,BSL,CR,JALGAON,MAHARASHTRA
64,BISWA BRIDGE,BIS,E,NSG6,BSL,CR,BULDHANA,MAHARASHTRA
65,BORGAON,BGN,E,NSG6,BSL,CR,AKOLA,MAHARASHTRA
66,CHANDUR BAZAR,CNDB,A,NSG6,BSL,CR,AMRAVATI,MAHARASHTRA
67,DUSKHEDA,DSK,E,NSG6,BSL,CR,JALGAON,MAHARASHTRA
68,GAIGAON,GAO,E,NSG6,BSL,CR,AKOLA,MAHARASHTRA
69,GALAN,GAA,E,NSG6,BSL,CR,JALGAON,MAHARASHTRA
70,GHOTI,GO,E,NSG6,BSL,CR,NASHIK,MAHARASHTRA
71,HIRAPUR,HPR,E,NSG6,BSL,CR,JALGAON,MAHARASHTRA
72,HISVAHAL,HSL,E,NSG6,BSL,CR,NASHIK,MAHARASHTRA
73,JALAMB JN.,JM,E,NSG6,BSL,CR,BULDHANA,MAHARASHTRA
74,JAMDHA,JMD,E,NSG6,BSL,CR,JALGAON,MAHARASHTRA
75,KAJGAON,KJ,E,NSG6,BSL,CR,JALGAON,MAHARASHTRA
76,KASBE SUKENE,KBSN,E,NSG6,BSL,CR,NASHIK,MAHARASHTRA
77,KATEPURNA,KTP,E,NSG6,BSL,CR,AKOLA,MAHARASHTRA
78,KHAMGAON,KMN,E,NSG6,BSL,CR,BULDHANA,MAHARASHTRA
79,KHAMKHED,KMKD,E,NSG6,BSL,CR,BULDHANA,MAHARASHTRA
80,KHERWADI,KW,E,NSG6,BSL,CR,NASHIK,MAHARASHTRA
81,KHUMGAON BURTI,KJL,E,NSG6,BSL,CR,BULDHANA,MAHARASHTRA
82,KURAM,KUM,E,NSG6,BSL,CR,AKOLA,MAHARASHTRA
83,LAHAVIT,LT,E,NSG6,BSL,CR,NASHIK,MAHARASHTRA
84,MAHEJI,MYJ,E,NSG6,BSL,CR,JALGAON,MAHARASHTRA
85,MANA,MANA,E,NSG6,BSL,CR,AKOLA,MAHARASHTRA
86,MHASAVAD,MWD,E,NSG6,BSL,CR,JALGAON,MAHARASHTRA
87,NAGARDEVLA,NGD,E,NSG6,BSL,CR,JALGAON,MAHARASHTRA
88,NAYDONGRI,NI,E,NSG6,BSL,CR,NASHIK,MAHARASHTRA
89,NEW AMRAVATI,NAVI,E,NSG6,BSL,CR,AMRAVATI,MAHARASHTRA
90,NIMBHORA,NB,E,NSG6,BSL,CR,JALGAON,MAHARASHTRA
91,ODHA,ODHA,E,NSG6,BSL,CR,NASHIK,MAHARASHTRA
92,PANJHAN,PJN,E,NSG6,BSL,CR,NASHIK,MAHARASHTRA
93,PARAS,PS,E,NSG6,BSL,CR,AKOLA,MAHARASHTRA
94,PARDHADE,PHQ,E,NSG6,BSL,CR,JALGAON,MAHARASHTRA
95,PIMPARKHED,PKE,E,NSG6,BSL,CR,NASHIK,MAHARASHTRA
96,SAVDA,SAV,E,NSG6,BSL,CR,JALGAON,MAHARASHTRA
97,SHIRSOLI,SS,E,NSG6,BSL,CR,JALGAON,MAHARASHTRA
98,SHIRUD,SHF,E,NSG6,BSL,CR,DHULE,MAHARASHTRA
99,SHRI KSHETRA NAGJHARI,NGZ,E,NSG6,BSL,CR,BULDHANA,MAHARASHTRA
100,SUMMIT,SUM,E,NSG6,BSL,CR,NASHIK,MAHARASHTRA
101,TAKLI,TKI,E,NSG6,BSL,CR,AMRAVATI,MAHARASHTRA
102,UGAON,UGN,E,NSG6,BSL,CR,NASHIK,MAHARASHTRA
103,VAGHLI,VGL,E,NSG6,BSL,CR,JALGAON,MAHARASHTRA
104,VARANGAON,VNA,E,NSG6,BSL,CR,JALGAON,MAHARASHTRA
105,WADODA,WADO,F,NSG6,BSL,CR,BULDHANA,MAHARASHTRA
106,WAGHODA,WGA,E,NSG6,BSL,CR,JALGAON,MAHARASHTRA
107,WALGAON,WLGN,E,NSG6,BSL,CR,AMRAVATI,MAHARASHTRA
108,YAVATMAL,YTL,A,NSG6,BSL,CR,YAVATMAL,MAHARASHTRA
109,YEULKHED,YAD,F,NSG6,BSL,CR,AKOLA,MAHARASHTRA
110,CHAUK,CHOK,F,HG2,CSTM,CR,RAIGAD,MAHARASHTRA
111,HAMARAPUR,HMRR,F,HG2,CSTM,CR,RAIGAD,MAHARASHTRA
112,JUICHANDRA,JCNR,F,HG2,CSTM,CR,THANE,MAHARASHTRA
113,KASU,KASU,F,HG2,CSTM,CR,RAIGAD,MAHARASHTRA
114,NAVADE ROAD,NVRD,F,HG2,CSTM,CR,RAIGAD,MAHARASHTRA
115,NIDI,NIDI,F,HG2,CSTM,CR,RAIGAD,MAHARASHTRA
116,CHIKHLI,CKHS,F,HG3,CSTM,CR,RAIGAD,MAHARASHTRA
117,MOHOPE,MHPE,F,HG3,CSTM,CR,RAIGAD,MAHARASHTRA
118,OOMBERMALI,OMB,,HG3,CSTM,CR,THANE,MAHARASHTRA
119,RASAYANI,RSYI,F,HG3,CSTM,CR,RAIGAD,MAHARASHTRA
120,THANSIT,THS,,HG3,CSTM,CR,THANE,MAHARASHTRA
121,C SHIVAJI MAH T,CSMT,A1,NSG1,CSTM,CR,MUMBAI,MAHARASHTRA
122,DADAR,DR,A1,NSG1,CSTM,CR,MUMBAI,MAHARASHTRA
123,KALYAN JN.,KYN,A1,NSG1,CSTM,CR,THANE,MAHARASHTRA
124,LOKMANYA TILAK TERMI,LTT,A1,NSG1,CSTM,CR,MUMBAI,MAHARASHTRA
125,PANVEL,PNVL,A,NSG1,CSTM,CR,RAIGAD,MAHARASHTRA
126,THANE,TNA,A1,NSG1,CSTM,CR,THANE,MAHARASHTRA
127,LONAVALA,LNL,A,NSG3,CSTM,CR,PUNE,MAHARASHTRA
128,AMAN LODGE,ANLG,D,NSG4,CSTM,CR,RAIGAD,MAHARASHTRA
129,BHIVANDI ROAD,BIRD,D,NSG4,CSTM,CR,THANE,MAHARASHTRA
130,MATHERAN,MAE,B,NSG4,CSTM,CR,RAIGAD,MAHARASHTRA
131,IGATPURI,IGP,B,NSG5,CSTM,CR,NASHIK,MAHARASHTRA
132,ROHA,ROHA,D,NSG5,CSTM,CR,RAIGAD,MAHARASHTRA
133,APTA,APTA,E,NSG6,CSTM,CR,RAIGAD,MAHARASHTRA
134,JITE,JITE,E,NSG6,CSTM,CR,RAIGAD,MAHARASHTRA
135,KALAMBOLI,KLMC,E,NSG6,CSTM,CR,RAIGAD,MAHARASHTRA
136,KAMAN ROAD,KARD,E,NSG6,CSTM,CR,THANE,MAHARASHTRA
137,KHANDALA,KAD,E,NSG6,CSTM,CR,RAIGAD,MAHARASHTRA
138,KHARBAV,KHBV,E,NSG6,CSTM,CR,THANE,MAHARASHTRA
139,NAGOTHANE,NGTN,,NSG6,CSTM,CR,RAIGAD,MAHARASHTRA
140,NILAJE,NIIJ,E,NSG6,CSTM,CR,THANE,MAHARASHTRA
141,PEN,PEN,E,NSG6,CSTM,CR,RAIGAD,MAHARASHTRA
142,SOMTANE,SMNE,E,NSG6,CSTM,CR,RAIGAD,MAHARASHTRA
143,TALOJA PANCHNAND,TPND,E,NSG6,CSTM,CR,RAIGAD,MAHARASHTRA
144,AMBARNATH,ABH,C,SG1,CSTM,CR,THANE,MAHARASHTRA
145,BADLAPUR,BUD,C,SG1,CSTM,CR,THANE,MAHARASHTRA
146,BHANDUP,BND,C,SG1,CSTM,CR,MUMBAI,MAHARASHTRA
147,DIVA,DIVA,C,SG1,CSTM,CR,THANE,MAHARASHTRA
148,DOMBIVLI,DI,C,SG1,CSTM,CR,THANE,MAHARASHTRA
149,GHATKOPAR,GC,C,SG1,CSTM,CR,MUMBAI,MAHARASHTRA
150,KURLA JN.,CLA,C,SG1,CSTM,CR,MUMBAI,MAHARASHTRA
151,MANKHURD,MNKD,C,SG1,CSTM,CR,MUMBAI,MAHARASHTRA
152,MULUND,MLND,C,SG1,CSTM,CR,MUMBAI,MAHARASHTRA
153,MUMBRA,MBQ,C,SG1,CSTM,CR,THANE,MAHARASHTRA
154,SION,SIN,C,SG1,CSTM,CR,MUMBAI,MAHARASHTRA
155,VIKHROLI,VK,C,SG1,CSTM,CR,MUMBAI,MAHARASHTRA
156,AIRAVALI,AIRL,C,SG2,CSTM,CR,THANE,MAHARASHTRA
157,AMBIVLI,ABY,C,SG2,CSTM,CR,THANE,MAHARASHTRA
158,BELAPUR C.B.D,BEPR,C,SG2,CSTM,CR,THANE,MAHARASHTRA
159,BYCULLA,BY,C,SG2,CSTM,CR,MUMBAI,MAHARASHTRA
160,CHEMBUR,CMBR,C,SG2,CSTM,CR,MUMBAI,MAHARASHTRA
161,CHINCHPOKLI,CHG,C,SG2,CSTM,CR,MUMBAI,MAHARASHTRA
162,COTTON GREEN,CTGN,C,SG2,CSTM,CR,MUMBAI,MAHARASHTRA
163,CURREY ROAD,CRD,C,SG2,CSTM,CR,MUMBAI,MAHARASHTRA
164,GHANSOLI,GNSL,C,SG2,CSTM,CR,THANE,MAHARASHTRA
165,GOVANDI,GV,C,SG2,CSTM,CR,MUMBAI,MAHARASHTRA
166,GURU TEGHBAHADURNAGA,GTBN,C,SG2,CSTM,CR,MUMBAI,MAHARASHTRA
167,JUINAGAR,JNJ,C,SG2,CSTM,CR,THANE,MAHARASHTRA
168,KALVA,KLVA,C,SG2,CSTM,CR,THANE,MAHARASHTRA
169,KANJUR MARG,KJRD,C,SG2,CSTM,CR,MUMBAI,MAHARASHTRA
170,KARJAT,KJT,C,SG2,CSTM,CR,RAIGAD,MAHARASHTRA
171,KHANDESHWAR,KNDS,C,SG2,CSTM,CR,RAIGAD,MAHARASHTRA
172,KHARGHAR,KHAG,C,SG2,CSTM,CR,RAIGAD,MAHARASHTRA
173,KINGS CIRCLE,KCE,C,SG2,CSTM,CR,MUMBAI,MAHARASHTRA
174,KOPARKHAIRANE,KPHN,A,SG2,CSTM,CR,THANE,MAHARASHTRA
175,MANSAROVAR,MANR,C,SG2,CSTM,CR,RAIGAD,MAHARASHTRA
176,MASJID,MSD,C,SG2,CSTM,CR,MUMBAI,MAHARASHTRA
177,MATUNGA,MTN,C,SG2,CSTM,CR,MUMBAI,MAHARASHTRA
178,NAHUR,NHU,A,SG2,CSTM,CR,MUMBAI SUBURBAN,MAHARASHTRA
179,NERUL,NEU,C,SG2,CSTM,CR,THANE,MAHARASHTRA
180,SANDHURST ROAD,SNRD,C,SG2,CSTM,CR,MUMBAI,MAHARASHTRA
181,SANPADA,SNCR,C,SG2,CSTM,CR,THANE,MAHARASHTRA
182,SEAWOODSDARAVE,SWDV,C,SG2,CSTM,CR,THANE,MAHARASHTRA
183,SEWRI,SVE,C,SG2,CSTM,CR,MUMBAI,MAHARASHTRA
184,SHAHAD,SHAD,C,SG2,CSTM,CR,THANE,MAHARASHTRA
185,THAKURLI,THK,C,SG2,CSTM,CR,THANE,MAHARASHTRA
186,TILAK NAGAR,TKNG,C,SG2,CSTM,CR,MUMBAI,MAHARASHTRA
187,TITWALA,TLA,C,SG2,CSTM,CR,THANE,MAHARASHTRA
188,ULHASNAGAR,ULNR,C,SG2,CSTM,CR,THANE,MAHARASHTRA
189,VADALA ROAD,VDLR,C,SG2,CSTM,CR,MUMBAI,MAHARASHTRA
190,VASHI,VSH,C,SG2,CSTM,CR,THANE,MAHARASHTRA
191,VIDYAVIHAR,VVH,C,SG2,CSTM,CR,MUMBAI,MAHARASHTRA
192,VITHALWADI,VLDI,C,SG2,CSTM,CR,THANE,MAHARASHTRA
193,ASANGAON,ASO,C,SG3,CSTM,CR,THANE,MAHARASHTRA
194,ATGAON,ATG,C,SG3,CSTM,CR,THANE,MAHARASHTRA
195,BAMANDONGRI,BMDR,C,SG3,CSTM,CR,RAIGAD,MAHARASHTRA
196,BHIVPURI ROAD,BVS,C,SG3,CSTM,CR,RAIGAD,MAHARASHTRA
197,CHUNABHATTI,CHF,C,SG3,CSTM,CR,MUMBAI,MAHARASHTRA
198,DOCKYARD ROAD,DKRD,C,SG3,CSTM,CR,MUMBAI,MAHARASHTRA
199,DOLAVALI,DLV,C,SG3,CSTM,CR,RAIGAD,MAHARASHTRA
200,KASARA,KSRA,C,SG3,CSTM,CR,THANE,MAHARASHTRA
201,KELAVLI,KLY,C,SG3,CSTM,CR,RAIGAD,MAHARASHTRA
202,KHADAVLI,KDV,C,SG3,CSTM,CR,THANE,MAHARASHTRA
203,KHARDI,KE,C,SG3,CSTM,CR,THANE,MAHARASHTRA
204,KHARKOPAR,KARP,C,SG3,CSTM,CR,RAIGAD,MAHARASHTRA
205,KHOPOLI,KHPI,C,SG3,CSTM,CR,RAIGAD,MAHARASHTRA
206,KOPAR,KOPR,C,SG3,CSTM,CR,THANE,MAHARASHTRA
207,LOWJEE,LWJ,C,SG3,CSTM,CR,RAIGAD,MAHARASHTRA
208,NERAL,NRL,C,SG3,CSTM,CR,RAIGAD,MAHARASHTRA
209,PALASDHARI,PDI,C,SG3,CSTM,CR,RAIGAD,MAHARASHTRA
210,PAREL,PR,C,SG3,CSTM,CR,MUMBAI,MAHARASHTRA
211,RABALE,RABE,C,SG3,CSTM,CR,THANE,MAHARASHTRA
212,REAY ROAD,RRD,C,SG3,CSTM,CR,MUMBAI,MAHARASHTRA
213,SHELU,SHLU,C,SG3,CSTM,CR,RAIGAD,MAHARASHTRA
214,TURBHE,TUH,C,SG3,CSTM,CR,THANE,MAHARASHTRA
215,VANGANI,VGI,C,SG3,CSTM,CR,THANE,MAHARASHTRA
216,VASIND,VSD,C,SG3,CSTM,CR,THANE,MAHARASHTRA
217,BENODA,BNOD,F,HG2,NGP,CR,AMRAVATI,MAHARASHTRA
218,MOWAD,MWAD,F,HG2,NGP,CR,NAGPUR,MAHARASHTRA
219,VARUD,VADR,F,HG2,NGP,CR,WARDHA,MAHARASHTRA
220,GONDWANA VISAPUR,GNVR,F,HG3,NGP,CR,CHANDRAPUR,MAHARASHTRA
221,HIWARKHED,HKNT,F,HG3,NGP,CR,AMRAVATI,MAHARASHTRA
222,TINKHEDA,TNH,F,HG3,NGP,CR,NAGPUR,MAHARASHTRA
223,NAGPUR,NGP,A1,NSG2,NGP,CR,NAGPUR,MAHARASHTRA
224,BALHARSHAH,BPQ,A,NSG3,NGP,CR,CHANDRAPUR,MAHARASHTRA
225,CHANDRAPUR (MAHARASH,CD,A,NSG4,NGP,CR,CHANDRAPUR,MAHARASHTRA
226,SEVAGRAM,SEGM,B,NSG4,NGP,CR,WARDHA,MAHARASHTRA
227,AJNI,AJNI,D,NSG5,NGP,CR,NAGPUR,MAHARASHTRA
228,BHANDAK,BUX,D,NSG5,NGP,CR,CHANDRAPUR,MAHARASHTRA
229,BHUGAON,BPK,E,NSG5,NGP,CR,WARDHA,MAHARASHTRA
230,CHANDUR,CND,D,NSG5,NGP,CR,AMRAVATI,MAHARASHTRA
231,DHAMANGAON,DMN,B,NSG5,NGP,CR,AMRAVATI,MAHARASHTRA
232,HINGANGHAT,HGT,D,NSG5,NGP,CR,WARDHA,MAHARASHTRA
233,KATOL,KATL,D,NSG5,NGP,CR,NAGPUR,MAHARASHTRA
234,NARKHER,NRKR,D,NSG5,NGP,CR,NAGPUR,MAHARASHTRA
235,PULGAON JN.,PLO,D,NSG5,NGP,CR,WARDHA,MAHARASHTRA
236,WARDHA JN.,WR,A,NSG5,NGP,CR,WARDHA,MAHARASHTRA
237,WARORA,WRR,D,NSG5,NGP,CR,CHANDRAPUR,MAHARASHTRA
238,BABUPETH,BUPH,E,NSG6,NGP,CR,CHANDRAPUR,MAHARASHTRA
239,BHARATWADA,BWRA,E,NSG6,NGP,CR,NAGPUR,MAHARASHTRA
240,BORKHEDI,BOK,E,NSG6,NGP,CR,NAGPUR,MAHARASHTRA
241,BUTI BORI,BTBR,E,NSG6,NGP,CR,NAGPUR,MAHARASHTRA
242,CHIKNI ROAD,CKNI,E,NSG6,NGP,CR,CHANDRAPUR,MAHARASHTRA
243,DAHEGAON,DAE,E,NSG6,NGP,CR,WARDHA,MAHARASHTRA
244,GODHANI,GNQ,E,NSG6,NGP,CR,NAGPUR,MAHARASHTRA
245,GUMGAON,GMG,E,NSG6,NGP,CR,NAGPUR,MAHARASHTRA
246,KALAMBHA,KLBA,E,NSG6,NGP,CR,NAGPUR,MAHARASHTRA
247,KALMESHWAR,KSWR,E,NSG6,NGP,CR,NAGPUR,MAHARASHTRA
248,KAOTHA,KAOT,E,NSG6,NGP,CR,WARDHA,MAHARASHTRA
249,KAYAR,KAYR,E,NSG6,NGP,CR,YAVATMAL,MAHARASHTRA
250,KHAPRI,KRI,E,NSG6,NGP,CR,NAGPUR,MAHARASHTRA
251,KOHLI,KOHL,E,NSG6,NGP,CR,NAGPUR,MAHARASHTRA
252,LINGTI,LNT,E,NSG6,NGP,CR,YAVATMAL,MAHARASHTRA
253,MAJRI JN.,MJRI,D,NSG6,NGP,CR,CHANDRAPUR,MAHARASHTRA
254,MAJRIKHADAN,MJKN,E,NSG6,NGP,CR,CHANDRAPUR,MAHARASHTRA
255,MALKHED,MLR,E,NSG6,NGP,CR,AMRAVATI,MAHARASHTRA
256,METPANJRA,MER,E,NSG6,NGP,CR,NAGPUR,MAHARASHTRA
257,MORSHI,MRSH,E,NSG6,NGP,CR,AMRAVATI,MAHARASHTRA
258,NAGRI,NGI,E,NSG6,NGP,CR,CHANDRAPUR,MAHARASHTRA
259,PIMPALKHUTI,PMKT,E,NSG6,NGP,CR,YAVATMAL,MAHARASHTRA
260,PUSLA,PUSA,E,NSG6,NGP,CR,AMRAVATI,MAHARASHTRA
261,SELOO ROAD,SLOR,E,NSG6,NGP,CR,WARDHA,MAHARASHTRA
262,SINDI,SNI,E,NSG6,NGP,CR,NAGPUR,MAHARASHTRA
263,SONEGAON,SNN,E,NSG6,NGP,CR,WARDHA,MAHARASHTRA
264,SONKHAMB,SNKB,E,NSG6,NGP,CR,NAGPUR,MAHARASHTRA
265,TADALI,TAE,E,NSG6,NGP,CR,CHANDRAPUR,MAHARASHTRA
266,TALNI,TLN,E,NSG6,NGP,CR,BULDHANA,MAHARASHTRA
267,TIMTALA,TMT,E,NSG6,NGP,CR,AMRAVATI,MAHARASHTRA
268,TULJAPUR,TGP,E,NSG6,NGP,CR,WARDHA,MAHARASHTRA
269,WAGHOLI,WG,E,NSG6,NGP,CR,WARDHA,MAHARASHTRA
270,WANI,WANI,E,NSG6,NGP,CR,YAVATMAL,MAHARASHTRA
271,WARUD ORANGE CITY,WOC,E,NSG6,NGP,CR,AMRAVATI,MAHARASHTRA
272,KADETHAN,KDTN,F,HG2,PUNE,CR,PUNE,MAHARASHTRA
273,KANHE,KNHE,F,HG2,PUNE,CR,PUNE,MAHARASHTRA
274,KATPHAL,KFH,F,HG2,PUNE,CR,PUNE,MAHARASHTRA
275,KHUTBAV,KTT,F,HG2,PUNE,CR,PUNE,MAHARASHTRA
276,MANJARI BUDRUK,MJBK,F,HG2,PUNE,CR,PUNE,MAHARASHTRA
277,SHIRSAI,SSI,F,HG2,PUNE,CR,PUNE,MAHARASHTRA
278,VISHRAMBAG,VRB,F,HG2,PUNE,CR,SANGLI,MAHARASHTRA
279,AMNAPUR,ANQ,F,HG3,PUNE,CR,SANGLI,MAHARASHTRA
280,MADHAVNAGAR,MDVR,F,HG3,PUNE,CR,SANGLI,MAHARASHTRA
281,MALADGAON,MDDG,F,HG3,PUNE,CR,PUNE,MAHARASHTRA
282,NIMSHIRGAON TAMDALGE,NMGT,F,HG3,PUNE,CR,KOLHAPUR,MAHARASHTRA
283,PHALTAN,PLLD,,HG3,PUNE,CR,SATARA,MAHARASHTRA
284,SURWADI,SWLN,,HG3,PUNE,CR,SATARA,MAHARASHTRA
285,TARADGAON,TGLN,,HG3,PUNE,CR,SATARA,MAHARASHTRA
286,PUNE JN.,PUNE,A1,NSG1,PUNE,CR,PUNE,MAHARASHTRA
287,CHHATRAPATI SHAHU MAHARAJ TERMINUS,KOP,A,NSG3,PUNE,CR,KOLHAPUR,MAHARASHTRA
288,MIRAJ JN.,MRJ,,NSG3,PUNE,CR,SANGLI,MAHARASHTRA
289,BARAMATI,BRMT,D,NSG5,PUNE,CR,PUNE,MAHARASHTRA
290,HATKANANGALE,HTK,D,NSG5,PUNE,CR,KOLHAPUR,MAHARASHTRA
291,JAYASINGPUR,JSP,D,NSG5,PUNE,CR,KOLHAPUR,MAHARASHTRA
292,JEJURI,JJR,D,NSG5,PUNE,CR,PUNE,MAHARASHTRA
293,KARAD,KRD,B,NSG5,PUNE,CR,SATARA,MAHARASHTRA
294,KEDGAON,KDG,D,NSG5,PUNE,CR,PUNE,MAHARASHTRA
295,KIRLOSKARVADI,KOV,D,NSG5,PUNE,CR,SANGLI,MAHARASHTRA
296,SANGLI,SLI,B,NSG5,PUNE,CR,SANGLI,MAHARASHTRA
297,SATARA,STR,B,NSG5,PUNE,CR,SATARA,MAHARASHTRA
298,URULI,URI,D,NSG5,PUNE,CR,PUNE,MAHARASHTRA
299,VALIVADE,VV,D,NSG5,PUNE,CR,KOLHAPUR,MAHARASHTRA
300,ADARKI,AKI,E,NSG6,PUNE,CR,SATARA,MAHARASHTRA
301,ALANDI,ALN,E,NSG6,PUNE,CR,PUNE,MAHARASHTRA
302,AMBALE,ABLE,E,NSG6,PUNE,CR,PUNE,MAHARASHTRA
303,BHAVANINAGAR,BVNR,E,NSG6,PUNE,CR,SANGLI,MAHARASHTRA
304,BHILAVDI,BVQ,D,NSG6,PUNE,CR,SANGLI,MAHARASHTRA
305,DAUNDAJ,DNJ,E,NSG6,PUNE,CR,PUNE,MAHARASHTRA
306,HADAPSAR,HDP,E,NSG6,PUNE,CR,PUNE,MAHARASHTRA
307,JARANDESHWAR,JSV,E,NSG6,PUNE,CR,SATARA,MAHARASHTRA
308,KOREGAON,KRG,E,NSG6,PUNE,CR,SATARA,MAHARASHTRA
309,LONAND JN.,LNN,D,NSG6,PUNE,CR,SATARA,MAHARASHTRA
310,LONI,LONI,E,NSG6,PUNE,CR,PUNE,MAHARASHTRA
311,MASUR,MSR,E,NSG6,PUNE,CR,SATARA,MAHARASHTRA
312,NANDRE,NDE,E,NSG6,PUNE,CR,SANGLI,MAHARASHTRA
313,NIRA,NIRA,E,NSG6,PUNE,CR,PUNE,MAHARASHTRA
314,PALSI,PLV,E,NSG6,PUNE,CR,SATARA,MAHARASHTRA
315,PATAS,PAA,E,NSG6,PUNE,CR,PUNE,MAHARASHTRA
316,PHURSUNGI,FSG,E,NSG6,PUNE,CR,PUNE,MAHARASHTRA
317,RAHIMATPUR,RMP,E,NSG6,PUNE,CR,SATARA,MAHARASHTRA
318,RAJEVADI,RJW,E,NSG6,PUNE,CR,PUNE,MAHARASHTRA
319,RUKADI,RKD,E,NSG6,PUNE,CR,KOLHAPUR,MAHARASHTRA
320,SALPA,SLP,E,NSG6,PUNE,CR,SATARA,MAHARASHTRA
321,SASVAD ROAD,SSV,E,NSG6,PUNE,CR,PUNE,MAHARASHTRA
322,SHENOLI,SNE,E,NSG6,PUNE,CR,SATARA,MAHARASHTRA
323,SHINDAWANE,SHIV,E,NSG6,PUNE,CR,PUNE,MAHARASHTRA
324,SHIRAVDE,SIW,E,NSG6,PUNE,CR,SATARA,MAHARASHTRA
325,TAKARI,TKR,E,NSG6,PUNE,CR,SANGLI,MAHARASHTRA
326,TARGAON,TAZ,E,NSG6,PUNE,CR,SATARA,MAHARASHTRA
327,VALHA,WLH,E,NSG6,PUNE,CR,PUNE,MAHARASHTRA
328,WATHAR,WTR,E,NSG6,PUNE,CR,SATARA,MAHARASHTRA
329,YEVAT,YT,E,NSG6,PUNE,CR,PUNE,MAHARASHTRA
330,AKURDI,AKRD,C,SG3,PUNE,CR,PUNE,MAHARASHTRA
331,BEGDEWADI,BGWI,C,SG3,PUNE,CR,PUNE,MAHARASHTRA
332,CHINCHVAD,CCH,C,SG3,PUNE,CR,PUNE,MAHARASHTRA
333,DAPODI,DAPD,C,SG3,PUNE,CR,PUNE,MAHARASHTRA
334,DEHU ROAD,DEHR,C,SG3,PUNE,CR,PUNE,MAHARASHTRA
335,GHORAWADI,GRWD,C,SG3,PUNE,CR,PUNE,MAHARASHTRA
336,KAMSHET,KMST,C,SG3,PUNE,CR,PUNE,MAHARASHTRA
337,KASARWADI,KSWD,C,SG3,PUNE,CR,PUNE,MAHARASHTRA
338,KHADKI,KK,C,SG3,PUNE,CR,PUNE,MAHARASHTRA
339,MALAVLI,MVL,C,SG3,PUNE,CR,PUNE,MAHARASHTRA
340,PIMPRI,PMP,C,SG3,PUNE,CR,PUNE,MAHARASHTRA
341,SHIVAJI NAGAR,SVJR,C,SG3,PUNE,CR,PUNE,MAHARASHTRA
342,TALEGAON,TGN,C,SG3,PUNE,CR,PUNE,MAHARASHTRA
343,VADGAON,VDN,C,SG3,PUNE,CR,PUNE,MAHARASHTRA
344,ASHTI,AHI,,HG3,SUR,CR,SOLAPUR,MAHARASHTRA
345,BELANKI,BLNK,F,HG3,SUR,CR,SANGLI,MAHARASHTRA
346,HARANGUL,HGL,F,HG3,SUR,CR,LATUR,MAHARASHTRA
347,JAVALE,JVA,F,HG3,SUR,CR,SOLAPUR,MAHARASHTRA
348,KADA,KDAA,F,HG3,SUR,CR,AHMEDNAGAR,MAHARASHTRA
349,KALAMB ROAD,KMRD,F,HG3,SUR,CR,OSMANABAD,MAHARASHTRA
350,LANGARPETH,LNP,F,HG3,SUR,CR,SANGLI,MAHARASHTRA
351,MHASOBA DONGARGAON,MSDG,F,HG3,SUR,CR,SOLAPUR,MAHARASHTRA
352,MURUD,MRX,F,HG3,SUR,CR,LATUR,MAHARASHTRA
353,NARAYANDOHO,NYDO,F,HG3,SUR,CR,AHMEDNAGAR,MAHARASHTRA
354,NEW DHANORA,NDNR,F,HG3,SUR,CR,BEED,MAHARASHTRA
355,NEW LONI,NLNI,F,HG3,SUR,CR,BEED,MAHARASHTRA
356,NIMBLAK,NNB,,HG3,SUR,CR,AHMEDNAGAR,MAHARASHTRA
357,NIPANI VADGAON,NPW,F,HG3,SUR,CR,AHMEDNAGAR,MAHARASHTRA
358,PATHROT,PTRT,,HG3,SUR,CR,AMRAVATI,MAHARASHTRA
359,SOLAPURWADI,SPWI,F,HG3,SUR,CR,BEED,MAHARASHTRA
360,WASUD,WSD,F,HG3,SUR,CR,SOLAPUR,MAHARASHTRA
361,SOLAPUR,SUR,,NSG2,SUR,CR,SOLAPUR,MAHARASHTRA
362,AHMADNAGAR.,ANG,,NSG3,SUR,CR,AHMEDNAGAR,MAHARASHTRA
363,DAUND JN.,DD,,NSG3,SUR,CR,PUNE,MAHARASHTRA
364,KOPARGAON,KPG,,NSG3,SUR,CR,AHMEDNAGAR,MAHARASHTRA
365,SAINAGAR SHIRDI,SNSI,A,NSG3,SUR,CR,AHMEDNAGAR,MAHARASHTRA
366,KURDUWADI,KWV,,NSG4,SUR,CR,SOLAPUR,MAHARASHTRA
367,LATUR,LUR,,NSG4,SUR,CR,LATUR,MAHARASHTRA
368,PANDHARPUR,PVR,,NSG4,SUR,CR,SOLAPUR,MAHARASHTRA
369,AKALKOT ROAD,AKOR,D,NSG5,SUR,CR,SOLAPUR,MAHARASHTRA
370,BARSI TOWN,BTW,,NSG5,SUR,CR,SOLAPUR,MAHARASHTRA
371,BELAPUR,BAP,,NSG5,SUR,CR,AHMEDNAGAR,MAHARASHTRA
372,DAUND CHORDLINE,DDCC,A,NSG5,SUR,CR,PUNE,MAHARASHTRA
373,DUDHANI,DUD,D,NSG5,SUR,CR,SOLAPUR,MAHARASHTRA
374,HOTGI,HG,D,NSG5,SUR,CR,SOLAPUR,MAHARASHTRA
375,JEUR,JEUR,D,NSG5,SUR,CR,SOLAPUR,MAHARASHTRA
376,USMANABAD,UMD,,NSG5,SUR,CR,OSMANABAD,MAHARASHTRA
377,AKOLNER,AKR,E,NSG6,SUR,CR,AHMEDNAGAR,MAHARASHTRA
378,ANGAR,AAG,E,NSG6,SUR,CR,SOLAPUR,MAHARASHTRA
379,ARAG,ARAG,,NSG6,SUR,CR,SANGLI,MAHARASHTRA
380,AUSA ROAD,OSA,E,NSG6,SUR,CR,LATUR,MAHARASHTRA
381,BALE,BALE,,NSG6,SUR,CR,SOLAPUR,MAHARASHTRA
382,BELVANDI,BWD,E,NSG6,SUR,CR,AHMEDNAGAR,MAHARASHTRA
383,BHIGWAN,BGVN,,NSG6,SUR,CR,PUNE,MAHARASHTRA
384,BORIBIAL,BRB,E,NSG6,SUR,CR,PUNE,MAHARASHTRA
385,BOROTI,BOT,E,NSG6,SUR,CR,SOLAPUR,MAHARASHTRA
386,CHITALI,CIT,E,NSG6,SUR,CR,AHMEDNAGAR,MAHARASHTRA
387,DHALGAON,DLGN,E,NSG6,SUR,CR,SANGLI,MAHARASHTRA
388,DHAVALAS,DHS,E,NSG6,SUR,CR,SOLAPUR,MAHARASHTRA
389,DHOKI,DKY,E,NSG6,SUR,CR,OSMANABAD,MAHARASHTRA
390,JATH ROAD,JTRD,E,NSG6,SUR,CR,SANGLI,MAHARASHTRA
391,JINTI ROAD,JNTR,E,NSG6,SUR,CR,SOLAPUR,MAHARASHTRA
392,KANHEGAON,KNGN,E,NSG6,SUR,CR,AHMEDNAGAR,MAHARASHTRA
393,KASHTI,KSTH,E,NSG6,SUR,CR,AHMEDNAGAR,MAHARASHTRA
394,KAVATHE-MAHANKAL,KVK,,NSG6,SUR,CR,SANGLI,MAHARASHTRA
395,KEM,KEM,E,NSG6,SUR,CR,SOLAPUR,MAHARASHTRA
396,MADHA,MA,E,NSG6,SUR,CR,SOLAPUR,MAHARASHTRA
397,MALIKPETH,MKPT,E,NSG6,SUR,CR,SOLAPUR,MAHARASHTRA
398,MALTHAN,MLM,E,NSG6,SUR,CR,PUNE,MAHARASHTRA
399,MODNIMB,MLB,E,NSG6,SUR,CR,SOLAPUR,MAHARASHTRA
400,MOHOL,MO,E,NSG6,SUR,CR,SOLAPUR,MAHARASHTRA
401,MUNDHEWADI,MVE,E,NSG6,SUR,CR,SOLAPUR,MAHARASHTRA
402,NAGANSUR,NGS,E,NSG6,SUR,CR,SOLAPUR,MAHARASHTRA
403,PADHEGAON,PDGN,E,NSG6,SUR,CR,AHMEDNAGAR,MAHARASHTRA
404,PAKNI,PK,E,NSG6,SUR,CR,SOLAPUR,MAHARASHTRA
405,PANGRI,PJR,E,NSG6,SUR,CR,OSMANABAD,MAHARASHTRA
406,PAREWADI,PRWD,E,NSG6,SUR,CR,SOLAPUR,MAHARASHTRA
407,POPHLAJ,PPJ,E,NSG6,SUR,CR,SOLAPUR,MAHARASHTRA
408,PUNTAMBA,PB,E,NSG6,SUR,CR,AHMEDNAGAR,MAHARASHTRA
409,RAHURI,RRI,,NSG6,SUR,CR,AHMEDNAGAR,MAHARASHTRA
410,RANJANGAON ROAD,RNJD,E,NSG6,SUR,CR,AHMEDNAGAR,MAHARASHTRA
411,SANGOLA,SGLA,E,NSG6,SUR,CR,AHMEDNAGAR,MAHARASHTRA
412,SAROLA,SRL,E,NSG6,SUR,CR,PUNE,MAHARASHTRA
413,SHENDRI,SEI,E,NSG6,SUR,CR,SOLAPUR,MAHARASHTRA
414,SHRIGONDA ROAD,SGND,E,NSG6,SUR,CR,AHMEDNAGAR,MAHARASHTRA
415,SULGARE,SGRE,E,NSG6,SUR,CR,SANGLI,MAHARASHTRA
416,TIKEKARWADI,TKWD,E,NSG6,SUR,CR,SOLAPUR,MAHARASHTRA
417,TILATI,TLT,E,NSG6,SUR,CR,SOLAPUR,MAHARASHTRA
418,VAKAV,WKA,E,NSG6,SUR,CR,SOLAPUR,MAHARASHTRA
419,VAMBORI,VBR,E,NSG6,SUR,CR,AHMEDNAGAR,MAHARASHTRA
420,VILAD,VL,E,NSG6,SUR,CR,AHMEDNAGAR,MAHARASHTRA
421,VISAPUR,VPR,E,NSG6,SUR,CR,AHMEDNAGAR,MAHARASHTRA
422,WADSINGE,WDS,E,NSG6,SUR,CR,SOLAPUR,MAHARASHTRA
423,WASHIMBE,WSB,E,NSG6,SUR,CR,SOLAPUR,MAHARASHTRA
424,YEDSHI,YSI,E,NSG6,SUR,CR,OSMANABAD,MAHARASHTRA
425,YEOLA,YL,,NSG6,SUR,CR,NASHIK,MAHARASHTRA
426,SAMRALA,SQE,F,HG3,HYB,SCR,NANDED,MAHARASHTRA
427,SHELGAON,SLGH,F,HG3,HYB,SCR,NANDED,MAHARASHTRA
428,DHARMABAD,DAB,D,NSG5,HYB,SCR,NANDED,MAHARASHTRA
429,UMRI,UMRI,D,NSG5,HYB,SCR,NANDED,MAHARASHTRA
430,BOLSA,BLSA,E,NSG6,HYB,SCR,NANDED,MAHARASHTRA
431,KARKHELI,KEK,E,NSG6,HYB,SCR,NANDED,MAHARASHTRA
432,SIVUNGAON,SVN,E,NSG6,HYB,SCR,NANDED,MAHARASHTRA
433,PANGARSHINDE HALT,PNSD,F,HG2,NED,SCR,HINGOLI,MAHARASHTRA
434,DEVTHANA HALT,DVN,F,HG3,NED,SCR,NANDED,MAHARASHTRA
435,DHONDI,DNDI,F,HG3,NED,SCR,PARBHANI,MAHARASHTRA
436,JAMBHALI HALT,JMBL,F,HG3,NED,SCR,NANDED,MAHARASHTRA
437,JIRONA HALT,JXN,F,HG3,NED,SCR,NANDED,MAHARASHTRA
438,JULGAON (DECEAN),JLG,E,HG3,NED,SCR,NANDED,MAHARASHTRA
439,JUNONA HALT,JUNX,F,HG3,NED,SCR,HINGOLI,MAHARASHTRA
440,KANNJARA HALT,KNJJ,F,HG3,NED,SCR,HINGOLI,MAHARASHTRA
441,KHADKI BAZAR H,KDBR,F,HG3,NED,SCR,NANDED,MAHARASHTRA
442,MADANAPUR HALT,MDPJ,F,HG3,NED,SCR,NANDED,MAHARASHTRA
443,MAHIMBA,MHMB,F,HG3,NED,SCR,NANDED,MAHARASHTRA
444,PARADGAON HALT,PDG,F,HG3,NED,SCR,JALNA,MAHARASHTRA
445,PARWAKHURD HALT,PRWA,F,HG3,NED,SCR,NANDED,MAHARASHTRA
446,PATHRAD HALT,PARD,F,HG3,NED,SCR,NANDED,MAHARASHTRA
447,SANGANNAPUR,SNGR,F,HG3,NED,SCR,PARBHANI,MAHARASHTRA
448,UKHALI,UKH,F,HG3,NED,SCR,PARBHANI,MAHARASHTRA
449,WANEGAON HALT,WNG,F,HG3,NED,SCR,NANDED,MAHARASHTRA
450,H SAHIB NANDED,NED,A,NSG2,NED,SCR,NANDED,MAHARASHTRA
451,AURANGABAD,AWB,A,NSG3,NED,SCR,AURANGABAD,MAHARASHTRA
452,NAGARSOL,NSL,A,NSG3,NED,SCR,NASHIK,MAHARASHTRA
453,PARBHANI JN.,PBN,A,NSG3,NED,SCR,PARBHANI,MAHARASHTRA
454,JALNA,J,A,NSG4,NED,SCR,JALNA,MAHARASHTRA
455,PURNA JN.,PAU,B,NSG4,NED,SCR,PARBHANI,MAHARASHTRA
456,BASMAT,BMF,E,NSG5,NED,SCR,HINGOLI,MAHARASHTRA
457,BHOKAR,BOKR,D,NSG5,NED,SCR,NANDED,MAHARASHTRA
458,GANGAKHER,GNH,D,NSG5,NED,SCR,PARBHANI,MAHARASHTRA
459,HIMAYATNAGAR (DECCAN,HEM,D,NSG5,NED,SCR,NANDED,MAHARASHTRA
460,HINGOLI DECCAN,HNL,D,NSG5,NED,SCR,HINGOLI,MAHARASHTRA
461,KINWAT,KNVT,D,NSG5,NED,SCR,NANDED,MAHARASHTRA
462,MANWATH ROAD,MVO,D,NSG5,NED,SCR,PARBHANI,MAHARASHTRA
463,MUDKHED JN.,MUE,B,NSG5,NED,SCR,NANDED,MAHARASHTRA
464,MUKUNDWADI,MKDD,D,NSG5,NED,SCR,AURANGABAD,MAHARASHTRA
465,PARTUR,PTU,D,NSG5,NED,SCR,JALNA,MAHARASHTRA
466,ROTEGAON,RGO,D,NSG5,NED,SCR,AURANGABAD,MAHARASHTRA
467,SAHASRAKUND,SHSK,E,NSG5,NED,SCR,NANDED,MAHARASHTRA
468,SELU,SELU,D,NSG5,NED,SCR,PARBHANI,MAHARASHTRA
469,WASHIM,WHM,D,NSG5,NED,SCR,WASHIM,MAHARASHTRA
470,AMAN VADI,AMW,E,NSG6,NED,SCR,WASHIM,MAHARASHTRA
471,AMBARI,ABX,E,NSG6,NED,SCR,NANDED,MAHARASHTRA
472,BADNAPUR,BDU,E,NSG6,NED,SCR,JALNA,MAHARASHTRA
473,BARSI TAKLI,BSQ,E,NSG6,NED,SCR,AKOLA,MAHARASHTRA
474,BIMBARI,BMBE,E,NSG6,NED,SCR,NANDED,MAHARASHTRA
475,BODHADI BUJRUG,BHBK,E,NSG6,NED,SCR,NANDED,MAHARASHTRA
476,BOLDA,BLC,E,NSG6,NED,SCR,HINGOLI,MAHARASHTRA
477,CHIKALTHAN,CTH,E,NSG6,NED,SCR,AURANGABAD,MAHARASHTRA
478,CHONDI,CWI,E,NSG6,NED,SCR,HINGOLI,MAHARASHTRA
479,CHUDAWA,CRU,E,NSG6,NED,SCR,PARBHANI,MAHARASHTRA
480,DAULATABAD,DLB,E,NSG6,NED,SCR,AURANGABAD,MAHARASHTRA
481,DENGLI PIMPALGAON,DGPP,E,NSG6,NED,SCR,PARBHANI,MAHARASHTRA
482,DEVALGAON AVCHAR,DAV,F,NSG6,NED,SCR,PARBHANI,MAHARASHTRA
483,DHAMNI,DNE,E,NSG6,NED,SCR,HINGOLI,MAHARASHTRA
484,DHANORA (DECCAN),DHNR,E,NSG6,NED,SCR,NANDED,MAHARASHTRA
485,HADGON ROAD,HDGR,E,NSG6,NED,SCR,NANDED,MAHARASHTRA
486,JAULKA,JUK,E,NSG6,NED,SCR,WASHIM,MAHARASHTRA
487,KANHARGOAN NAKA,KNRG,E,NSG6,NED,SCR,HINGOLI,MAHARASHTRA
488,KARANJGAON,KAJG,E,NSG6,NED,SCR,AURANGABAD,MAHARASHTRA
489,KARMAD,KMV,E,NSG6,NED,SCR,AURANGABAD,MAHARASHTRA
490,KATA ROAD,KXX,E,NSG6,NED,SCR,WASHIM,MAHARASHTRA
491,KEKATUMAR,KKG,E,NSG6,NED,SCR,WASHIM,MAHARASHTRA
492,KODI,KODI,E,NSG6,NED,SCR,JALNA,MAHARASHTRA
493,LASUR,LSR,E,NSG6,NED,SCR,AURANGABAD,MAHARASHTRA
494,LIMBGAON,LBG,E,NSG6,NED,SCR,NANDED,MAHARASHTRA
495,LOHOGAD,LHD,E,NSG6,NED,SCR,AKOLA,MAHARASHTRA
496,MALSAILU,MLSU,E,NSG6,NED,SCR,HINGOLI,MAHARASHTRA
497,MALTEKDI,MTDI,E,NSG6,NED,SCR,NANDED,MAHARASHTRA
498,MARSUL,MRV,E,NSG6,NED,SCR,PARBHANI,MAHARASHTRA
499,MIRKHAL,MQL,E,NSG6,NED,SCR,PARBHANI,MAHARASHTRA
500,MUGAT,MGC,E,NSG6,NED,SCR,NANDED,MAHARASHTRA
501,NANDAPUR,NDPR,E,NSG6,NED,SCR,HINGOLI,MAHARASHTRA
502,NAVALGAON,NVLN,E,NSG6,NED,SCR,HINGOLI,MAHARASHTRA
503,PARSODA,PSD,E,NSG6,NED,SCR,AURANGABAD,MAHARASHTRA
504,PENGANGA,PGG,E,NSG6,NED,SCR,WASHIM,MAHARASHTRA
505,PERGAON,PG,E,NSG6,NED,SCR,PARBHANI,MAHARASHTRA
506,PINGLI,PIZ,E,NSG6,NED,SCR,PARBHANI,MAHARASHTRA
507,POKAMI NARSIMHA,PKNS,E,NSG6,NED,SCR,PARBHANI,MAHARASHTRA
508,POTUL,POZ,E,NSG6,NED,SCR,AURANGABAD,MAHARASHTRA
509,RANJANI,RNE,E,NSG6,NED,SCR,JALNA,MAHARASHTRA
510,SARWARI,SVD,E,NSG6,NED,SCR,JALNA,MAHARASHTRA
511,SATUNA,SCO,E,NSG6,NED,SCR,JALNA,MAHARASHTRA
512,SHIVNI SHIVAPUR,SVW,E,NSG6,NED,SCR,AKOLA,MAHARASHTRA
513,SIRLI,SIF,E,NSG6,NED,SCR,HINGOLI,MAHARASHTRA
514,TARUR,TR,E,NSG6,NED,SCR,NASHIK,MAHARASHTRA
515,THERBAN,TBU,F,NSG6,NED,SCR,NANDED,MAHARASHTRA
516,USMANPUR,UPR,E,NSG6,NED,SCR,JALNA,MAHARASHTRA
517,VADGAON NILA,WDN,E,NSG6,NED,SCR,PARBHANI,MAHARASHTRA
518,KUMTHA KHURD,KTKR,F,HG2,SC,SCR,LATUR,MAHARASHTRA
519,AMBIKA ROHINA,AMBR,F,HG3,SC,SCR,LATUR,MAHARASHTRA
520,KAREPUR HALT,KRPR,F,HG3,SC,SCR,LATUR,MAHARASHTRA
521,WADWAL NAGNATH HALT,WDLN,F,HG3,SC,SCR,LATUR,MAHARASHTRA
522,PARLI VAIJNATH,PRLI,B,NSG4,SC,SCR,BEED,MAHARASHTRA
523,LATUR ROAD,LTRR,D,NSG5,SC,SCR,LATUR,MAHARASHTRA
524,UDGIR,UDGR,D,NSG5,SC,SCR,LATUR,MAHARASHTRA
525,CHAKUR,CKX,E,NSG6,SC,SCR,LATUR,MAHARASHTRA
526,GHAT NANDUR,GTU,E,NSG6,SC,SCR,BEED,MAHARASHTRA
527,HER,HER,E,NSG6,SC,SCR,LATUR,MAHARASHTRA
528,JANWAL,JOA,E,NSG6,SC,SCR,LATUR,MAHARASHTRA
529,MAKUDI,MKDI,E,NSG6,SC,SCR,CHANDRAPUR,MAHARASHTRA
530,MANIKGARH JN.,MAGH,E,NSG6,SC,SCR,CHANDRAPUR,MAHARASHTRA
531,PANGAON,PNF,E,NSG6,SC,SCR,LATUR,MAHARASHTRA
532,WIHIRGAON,VHGN,E,NSG6,SC,SCR,CHANDRAPUR,MAHARASHTRA
533,WIRUR,WIRR,E,NSG6,SC,SCR,CHANDRAPUR,MAHARASHTRA
534,ARUN NAGAR P.H.,ARNG,F,HG2,NAG,SECR,GONDIA,MAHARASHTRA
535,BARABHATI P.H.,BFF,F,HG2,NAG,SECR,GONDIA,MAHARASHTRA
536,BHANDEWADI P.H.,BNWD,F,HG2,NAG,SECR,NAGPUR,MAHARASHTRA
537,DHANOLI P.H.,DNL,F,HG2,NAG,SECR,GONDIA,MAHARASHTRA
538,GANKHERA P.H.,GKT,F,HG2,NAG,SECR,GONDIA,MAHARASHTRA
539,GATRA P.H.,GRJ,F,HG2,NAG,SECR,GONDIA,MAHARASHTRA
540,GOND UMRI P.H.,GMI,F,HG2,NAG,SECR,GONDIA,MAHARASHTRA
541,KHODSEONI P.H.,KSIH,F,HG2,NAG,SECR,GONDIA,MAHARASHTRA
542,KIRMITI MENDHA P.H.,KMMD,F,HG2,NAG,SECR,GADCHIROLI,MAHARASHTRA
543,MAHULI P.H.,MZB,F,HG2,NAG,SECR,NAGPUR,MAHARASHTRA
544,MARODA P.H.,MRDA,F,HG2,NAG,SECR,CHANDRAPUR,MAHARASHTRA
545,MINDALA P.H.,MWG,F,HG2,NAG,SECR,CHANDRAPUR,MAHARASHTRA
546,PAUNI ROAD P.H.,PNRD,F,HG2,NAG,SECR,BHANDARA,MAHARASHTRA
547,TOLEWAHI P.H.,TWI,F,HG2,NAG,SECR,CHANDRAPUR,MAHARASHTRA
548,TUMSAR TOWN P.H.,TMS,F,HG2,NAG,SECR,BHANDARA,MAHARASHTRA
549,AMDI P.H.,AMDI,F,HG3,NAG,SECR,NAGPUR,MAHARASHTRA
550,BAMHANI P.H.,BMW,F,HG3,NAG,SECR,NAGPUR,MAHARASHTRA
551,BHUYAR P.H.,BHRH,F,HG3,NAG,SECR,BHANDARA,MAHARASHTRA
552,CHICHOLI BUZURG P.H.,CCBG,F,HG3,NAG,SECR,CHANDRAPUR,MAHARASHTRA
553,CHICHOLI P.H.,CCO,F,HG3,NAG,SECR,BHANDARA,MAHARASHTRA
554,DIGHORI BUZURG P.H.,DGY,F,HG3,NAG,SECR,NAGPUR,MAHARASHTRA
555,DUMRI KHURD P.H.,DKU,F,HG3,NAG,SECR,NAGPUR,MAHARASHTRA
556,KARGAON P.H.,KRNG,F,HG3,NAG,SECR,NAGPUR,MAHARASHTRA
557,KEMPALSAD P.H.,KEMP,F,HG3,NAG,SECR,NAGPUR,MAHARASHTRA
558,KORADIH P.H.,KRDH,F,HG3,NAG,SECR,NAGPUR,MAHARASHTRA
559,KOTGAON P.H.,KTGO,F,HG3,NAG,SECR,CHANDRAPUR,MAHARASHTRA
560,MALEGAON P.H.,MGVK,F,HG3,NAG,SECR,NAGPUR,MAHARASHTRA
561,MANGLI P.H.,MNGL,F,HG3,NAG,SECR,CHANDRAPUR,MAHARASHTRA
562,MITEWANI P.H.,MTWN,F,HG3,NAG,SECR,BHANDARA,MAHARASHTRA
563,MOHADARA P.H.,MXZ,F,HG3,NAG,SECR,NAGPUR,MAHARASHTRA
564,NAGRA DHAM P.H.,NGDM,F,HG3,NAG,SECR,GONDIA,MAHARASHTRA
565,PATANSAONGI TOWN P.H,PSX,F,HG3,NAG,SECR,NAGPUR,MAHARASHTRA
566,PINDKEPAR P.H.,PQH,F,HG3,NAG,SECR,GONDIA,MAHARASHTRA
567,PIPLA P.H.,PQA,F,HG3,NAG,SECR,NAGPUR,MAHARASHTRA
568,PRATAP BAGH P.H.,PRBG,F,HG3,NAG,SECR,GONDIA,MAHARASHTRA
569,TAKLI BANSALI P.H.,TKLB,F,HG3,NAG,SECR,NAGPUR,MAHARASHTRA
570,TEMPA P.H.,TEP,F,HG3,NAG,SECR,CHANDRAPUR,MAHARASHTRA
571,TITUR P.H.,TOR,F,HG3,NAG,SECR,NAGPUR,MAHARASHTRA
572,GONDIA JN.,G,A,NSG3,NAG,SECR,GONDIA,MAHARASHTRA
573,BHANDARA ROAD,BRD,A,NSG4,NAG,SECR,BHANDARA,MAHARASHTRA
574,CHANDA FORT,CAF,B,NSG4,NAG,SECR,CHANDRAPUR,MAHARASHTRA
575,ITWARI,ITR,B,NSG4,NAG,SECR,NAGPUR,MAHARASHTRA
576,KAMPTEE,KP,D,NSG4,NAG,SECR,NAGPUR,MAHARASHTRA
577,RAMTEK,RTK,B,NSG4,NAG,SECR,NAGPUR,MAHARASHTRA
578,AMGAON,AGN,D,NSG5,NAG,SECR,GONDIA,MAHARASHTRA
579,BRAMHAPURI,BMP,E,NSG5,NAG,SECR,CHANDRAPUR,MAHARASHTRA
580,KALUMNA,KAV,D,NSG5,NAG,SECR,NAGPUR,MAHARASHTRA
581,TIRORA,TRO,D,NSG5,NAG,SECR,GONDIA,MAHARASHTRA
582,TUMSAR ROAD,TMR,D,NSG5,NAG,SECR,BHANDARA,MAHARASHTRA
583,WADSA,WSA,D,NSG5,NAG,SECR,GADCHIROLI,MAHARASHTRA
584,ALEWAHI,AWH,E,NSG6,NAG,SECR,CHANDRAPUR,MAHARASHTRA
585,ARJUNI,AJU,E,NSG6,NAG,SECR,GONDIA,MAHARASHTRA
586,BHIWAPUR,BWV,E,NSG6,NAG,SECR,NAGPUR,MAHARASHTRA
587,BIRSOLA,BRA,E,NSG6,NAG,SECR,GONDIA,MAHARASHTRA
588,CHACHER,CHCR,E,NSG6,NAG,SECR,NAGPUR,MAHARASHTRA
589,DAREKASA,DKS,E,NSG6,NAG,SECR,GONDIA,MAHARASHTRA
590,DEWALGAON,DEW,E,NSG6,NAG,SECR,GONDIA,MAHARASHTRA
591,DONGRI BUZURG,DGBZ,E,NSG6,NAG,SECR,BHANDARA,MAHARASHTRA
592,GANGAJHARI,GJ,E,NSG6,NAG,SECR,GONDIA,MAHARASHTRA
593,GOBARWAHI,GBRI,E,NSG6,NAG,SECR,BHANDARA,MAHARASHTRA
594,GONGLEE,GNL,E,NSG6,NAG,SECR,GONDIA,MAHARASHTRA
595,GUDMA,GDM,E,NSG6,NAG,SECR,GONDIA,MAHARASHTRA
596,HIRDAMALI,HDM,E,NSG6,NAG,SECR,GONDIA,MAHARASHTRA
597,KACHEWANI,KWN,E,NSG6,NAG,SECR,GONDIA,MAHARASHTRA
598,KANHAN JN.,KNHN,E,NSG6,NAG,SECR,NAGPUR,MAHARASHTRA
599,KELOD,KLOD,F,NSG6,NAG,SECR,NAGPUR,MAHARASHTRA
600,KELZAR,KEZ,E,NSG6,NAG,SECR,CHANDRAPUR,MAHARASHTRA
601,KHAPRIKHEDA,KPKD,E,NSG6,NAG,SECR,NAGPUR,MAHARASHTRA
602,KHAT,KHAT,E,NSG6,NAG,SECR,NAGPUR,MAHARASHTRA
603,KOKA,KOKA,E,NSG6,NAG,SECR,BHANDARA,MAHARASHTRA
604,KUHI,KUHI,E,NSG6,NAG,SECR,NAGPUR,MAHARASHTRA
605,MUL MARORA,MME,E,NSG6,NAG,SECR,CHANDRAPUR,MAHARASHTRA
606,MUNDIKOTA,MNU,E,NSG6,NAG,SECR,GONDIA,MAHARASHTRA
607,NAGBHIR JN.,NAB,D,NSG6,NAG,SECR,CHANDRAPUR,MAHARASHTRA
608,PATANSAONGI,PTS,E,NSG6,NAG,SECR,NAGPUR,MAHARASHTRA
609,RAJOLI,ROL,E,NSG6,NAG,SECR,CHANDRAPUR,MAHARASHTRA
610,REWRAL,RRL,E,NSG6,NAG,SECR,NAGPUR,MAHARASHTRA
611,SALEKASA,SKS,E,NSG6,NAG,SECR,GONDIA,MAHARASHTRA
612,SALWA,SAL,E,NSG6,NAG,SECR,NAGPUR,MAHARASHTRA
613,SAONER,SONR,E,NSG6,NAG,SECR,NAGPUR,MAHARASHTRA
614,SINDEWAHI,SYE,E,NSG6,NAG,SECR,CHANDRAPUR,MAHARASHTRA
615,SONDAD,SNV,E,NSG6,NAG,SECR,GONDIA,MAHARASHTRA
616,TALODHI ROAD,TUD,E,NSG6,NAG,SECR,CHANDRAPUR,MAHARASHTRA
617,THARSA,TAR,E,NSG6,NAG,SECR,NAGPUR,MAHARASHTRA
618,UMRED,URR,E,NSG6,NAG,SECR,NAGPUR,MAHARASHTRA
619,WADEGAON,WDG,E,NSG6,NAG,SECR,GONDIA,MAHARASHTRA
620,SULERJAVALGE,SLGE,F,HG2,UBL,SWR,SOLAPUR,MAHARASHTRA
621,TADWAL,TVL,E,NSG6,UBL,SWR,SOLAPUR,MAHARASHTRA
622,VIJAYANAGAR,VJR,E,NSG6,UBL,SWR,SANGLI,MAHARASHTRA
623,BETAWAD,BEW,F,HG2,BCT,WR,DHULE,MAHARASHTRA
624,BAGWADA,BAGD,F,HG3,BCT,WR,VALSAD,MAHARASHTRA
625,BHONE,BHNE,F,HG3,BCT,WR,JALGAON,MAHARASHTRA
626,BORDI ROAD,BRRD,F,HG3,BCT,WR,PALGHAR,MAHARASHTRA
627,HOL,HOL,F,HG3,BCT,WR,DHULE,MAHARASHTRA
628,SONSHELU,SNSL,F,HG3,BCT,WR,DHULE,MAHARASHTRA
629,MUMBAI CENTRAL,MMCT,A1,NSG1,BCT,WR,MUMBAI,MAHARASHTRA
630,BANDRA TERMINUS,BDTS,A1,NSG2,BCT,WR,MUMBAI,MAHARASHTRA
631,DONDAICHA,DDE,D,NSG4,BCT,WR,DHULE,MAHARASHTRA
632,AMALNER,AN,D,NSG5,BCT,WR,JALGAON,MAHARASHTRA
633,DHARANGAON,DXG,D,NSG5,BCT,WR,JALGAON,MAHARASHTRA
634,NANDURBAR,NDB,B,NSG5,BCT,WR,NANDURBAR,MAHARASHTRA
635,BHADWAD,BAWD,E,NSG6,BCT,WR,NANDURBAR,MAHARASHTRA
636,BHORTEX,BRTK,E,NSG6,BCT,WR,JALGAON,MAHARASHTRA
637,CHAUPALE,CUE,E,NSG6,BCT,WR,NANDURBAR,MAHARASHTRA
638,CHAVALKHEDE,CHLK,E,NSG6,BCT,WR,JALGAON,MAHARASHTRA
639,CHINCHPADA,CPD,E,NSG6,BCT,WR,NANDURBAR,MAHARASHTRA
640,DHEKVAD,DWD,E,NSG6,BCT,WR,NANDURBAR,MAHARASHTRA
641,GHOLWAD,GVD,D,NSG6,BCT,WR,PALGHAR,MAHARASHTRA
642,KHANDBARA,KBH,E,NSG6,BCT,WR,NANDURBAR,MAHARASHTRA
643,KHATGAON,KHTG,E,NSG6,BCT,WR,NANDURBAR,MAHARASHTRA
644,KOLDE,KFF,E,NSG6,BCT,WR,NANDURBAR,MAHARASHTRA
645,NARDANA,NDN,D,NSG6,BCT,WR,DHULE,MAHARASHTRA
646,PADSE,PDP,E,NSG6,BCT,WR,JALGAON,MAHARASHTRA
647,PALDHI,PLD,E,NSG6,BCT,WR,JALGAON,MAHARASHTRA
648,RANALA,RNL,E,NSG6,BCT,WR,NANDURBAR,MAHARASHTRA
649,SINDKHEDA,SNK,E,NSG6,BCT,WR,DHULE,MAHARASHTRA
650,TAKARKHEDA,TKHE,E,NSG6,BCT,WR,JALGAON,MAHARASHTRA
651,TISI,TISI,E,NSG6,BCT,WR,NANDURBAR,MAHARASHTRA
652,VIKHRAN ROAD,VKH,E,NSG6,BCT,WR,DHULE,MAHARASHTRA
653,ANDHERI,ADH,C,SG1,BCT,WR,MUMBAI,MAHARASHTRA
654,BANDRA,BA,C,SG1,BCT,WR,MUMBAI,MAHARASHTRA
655,BHAYANDER,BYR,C,SG1,BCT,WR,MUMBAI,MAHARASHTRA
656,BOISAR,BOR,C,SG1,BCT,WR,PALGHAR,MAHARASHTRA
657,BORIVALI,BVI,A1,SG1,BCT,WR,MUMBAI,MAHARASHTRA
658,CHURCHGATE,CCG,C,SG1,BCT,WR,MUMBAI,MAHARASHTRA
659,DADAR,DDR,C,SG1,BCT,WR,MUMBAI,MAHARASHTRA
660,DAHISAR,DIC,C,SG1,BCT,WR,MUMBAI,MAHARASHTRA
661,GOREGAON,GMN,C,SG1,BCT,WR,MUMBAI,MAHARASHTRA
662,JOGESHWARI,JOS,C,SG1,BCT,WR,MUMBAI,MAHARASHTRA
663,KANDIVALI,KILE,C,SG1,BCT,WR,MUMBAI,MAHARASHTRA
664,KHAR ROAD,KHAR,C,SG1,BCT,WR,MUMBAI,MAHARASHTRA
665,MAHIM JN.,MM,C,SG1,BCT,WR,MUMBAI,MAHARASHTRA
666,MALAD,MDD,C,SG1,BCT,WR,MUMBAI,MAHARASHTRA
667,MIRA ROAD,MIRA,C,SG1,BCT,WR,MUMBAI,MAHARASHTRA
668,NALLASOPARA,NSP,C,SG1,BCT,WR,PALGHAR,MAHARASHTRA
669,SANTACRUZ,STC,C,SG1,BCT,WR,MUMBAI,MAHARASHTRA
670,VASAI ROAD,BSR,C,SG1,BCT,WR,PALGHAR,MAHARASHTRA
671,VILLE PARLE,VLP,C,SG1,BCT,WR,MUMBAI,MAHARASHTRA
672,VIRAR,VR,C,SG1,BCT,WR,PALGHAR,MAHARASHTRA
673,CHARNI ROAD,CYR,C,SG2,BCT,WR,MUMBAI,MAHARASHTRA
674,GRANT ROAD,GTR,C,SG2,BCT,WR,MUMBAI,MAHARASHTRA
675,LOWER PAREL,PL,C,SG2,BCT,WR,MUMBAI,MAHARASHTRA
676,MAHALAXMI,MX,C,SG2,BCT,WR,MUMBAI,MAHARASHTRA
677,MARINE LINES,MEL,C,SG2,BCT,WR,MUMBAI,MAHARASHTRA
678,MATUNGA ROAD,MRU,C,SG2,BCT,WR,MUMBAI,MAHARASHTRA
679,NAIGAON,NIG,C,SG2,BCT,WR,PALGHAR,MAHARASHTRA
680,PALGHAR,PLG,C,SG2,BCT,WR,PALGHAR,MAHARASHTRA
681,PRABHADEVI,PBHD,C,SG2,BCT,WR,MUMBAI,MAHARASHTRA
682,DAHANU ROAD,DRD,C,SG3,BCT,WR,PALGHAR,MAHARASHTRA
683,KELVE ROAD,KLV,C,SG3,BCT,WR,PALGHAR,MAHARASHTRA
684,RAM MANDIR,RMAR,C,SG3,BCT,WR,MUMBAI,MAHARASHTRA
685,SAPHALE,SAH,C,SG3,BCT,WR,PALGHAR,MAHARASHTRA
686,UMROLI,UOI,F,SG3,BCT,WR,PALGHAR,MAHARASHTRA
687,VAITARNA,VTN,C,SG3,BCT,WR,PALGHAR,MAHARASHTRA
688,VANGAON,VGN,C,SG3,BCT,WR,PALGHAR,MAHARASHTRA
